Model,Precision Score,Accuracy Score,Recall Score,F1 Score,Confusion Matrix
LR,0.2541200012644154,0.5041031652989449,0.5041031652989449,0.33790235553943304,"[[430   0]
 [423   0]]"
SVC,0.2541200012644154,0.5041031652989449,0.5041031652989449,0.33790235553943304,"[[430   0]
 [423   0]]"
KNN,0.2541200012644154,0.5041031652989449,0.5041031652989449,0.33790235553943304,"[[430   0]
 [423   0]]"
DTC,0.2541200012644154,0.5041031652989449,0.5041031652989449,0.33790235553943304,"[[430   0]
 [423   0]]"
NB,0.2541200012644154,0.5041031652989449,0.5041031652989449,0.33790235553943304,"[[430   0]
 [423   0]]"
RF,0.2541200012644154,0.5041031652989449,0.5041031652989449,0.33790235553943304,"[[430   0]
 [423   0]]"
